Average of open,Column Labels,,,,,,,,,,,,,,'13,1848.36
Row Labels,2013,2014,2015,2016,2017,2018,Grand Total,2013,2014,2015,2016,2017,2018,,'14,2058.9
MON,104.3463717,115.403254,106.7511905,99.3675873,115.9968327,119.9438462,108.6891001,5.6%,6.2%,5.2%,4.9%,4.3%,4.8%,,'15,2043.94
MAR,42.47190265,63.22634722,75.80115079,69.47612659,103.1025498,141.0078846,72.82486767,2.3%,3.4%,3.7%,3.4%,3.9%,5.6%,,'16,2238.83
NOV,73.48639381,77.04142857,45.86688492,33.15261905,34.98820717,37.52576923,52.17870532,4.0%,4.2%,2.2%,1.6%,1.3%,1.5%,,'17,2673.61
A,47.07969027,54.12305556,39.59083333,43.33849206,59.33055777,71.47461538,49.18786338,2.5%,2.9%,1.9%,2.1%,2.2%,2.9%,,'18,2506.85
AAL,18.61433628,38.86194444,45.1843254,38.15436508,47.49993546,54.22115385,38.39049547,1.0%,2.1%,2.2%,1.9%,1.8%,2.2%,,,
AAP,86.5291146,130.9281548,163.675754,155.3775794,122.7576892,114.5538462,132.4396306,4.7%,7.1%,7.9%,7.6%,4.6%,4.6%,,,
AAPL,67.28800487,92.21973571,120.1692063,104.5076984,150.4825598,171.7161538,109.0554289,3.6%,5.0%,5.8%,5.1%,5.6%,6.8%,,,
ABBV,44.48630531,55.41670635,62.15628968,60.59834921,75.06235857,106.0380769,60.80280064,2.4%,3.0%,3.0%,3.0%,2.8%,4.2%,,,
ABC,58.14632743,74.65753968,104.1050794,83.22281746,86.04762948,98.54923077,82.06642971,3.1%,4.0%,5.1%,4.1%,3.2%,3.9%,,,
ABT,35.92139381,40.94964286,46.31388889,40.48790079,48.48200558,60.06503846,42.92475806,1.9%,2.2%,2.2%,2.0%,1.8%,2.4%,,,
ACN,76.14183673,81.34210317,97.43763889,112.7701111,129.0299203,158.5619231,101.0228261,4.1%,4.4%,4.7%,5.5%,4.8%,6.3%,,,
ADBE,47.75969027,67.43650794,80.87714286,97.29642857,143.8782669,192.1971154,90.38760921,2.6%,3.6%,3.9%,4.8%,5.4%,7.7%,,,
ADI,46.94469204,51.41853175,59.67638889,60.16980159,81.8562749,92.11346154,60.92858253,2.5%,2.8%,2.9%,2.9%,3.1%,3.7%,,,
ADM,35.98869469,46.14321429,45.92662698,40.53960317,42.74633466,41.36384615,42.37951946,1.9%,2.5%,2.2%,2.0%,1.6%,1.7%,,,
ADP,70.78803097,79.72142857,84.335,88.95003968,106.0955777,119.1280769,86.96032168,3.8%,4.3%,4.1%,4.4%,4.0%,4.8%,,,
ADS,195.7425664,265.4161508,285.1096825,214.5852381,237.6654781,258.7842308,241.0073352,10.6%,14.4%,13.8%,10.5%,8.9%,10.3%,,,
ADSK,39.26497788,53.83410714,56.07847222,61.66154762,102.382994,113.1596154,64.13887728,2.1%,2.9%,2.7%,3.0%,3.8%,4.5%,,,
AEE,34.94053097,39.98293651,41.81884921,48.94103175,57.04282869,56.21346154,44.97462272,1.9%,2.2%,2.0%,2.4%,2.1%,2.2%,,,
AEP,46.2835177,52.88134921,56.69115079,64.03373016,70.01219124,69.01692308,58.4403058,2.5%,2.9%,2.8%,3.1%,2.6%,2.8%,,,
AES,13.04239248,14.25105159,12.0056746,11.35323413,11.22422311,11.15923077,12.33733971,0.7%,0.8%,0.6%,0.6%,0.4%,0.4%,,,
AET,60.67176991,77.97706349,109.0587698,114.7053571,148.6598606,185.5396154,104.7563582,3.3%,4.2%,5.3%,5.6%,5.6%,7.4%,,,
AFL,58.51234513,61.43543651,61.73827381,67.75563492,77.9610757,88.46307692,66.08916203,3.2%,3.3%,3.0%,3.3%,2.9%,3.5%,,,
AGN,127.0582743,219.9653766,297.462381,242.1202183,220.1555378,177.7992308,222.4011755,6.9%,11.9%,14.4%,11.8%,8.2%,7.1%,,,
AIG,45.48929204,52.80311548,58.71704365,57.26599206,62.53823108,61.73,55.6924274,2.5%,2.9%,2.9%,2.8%,2.3%,2.5%,,,
AIV,29.08141593,32.26734127,38.36630952,42.00305556,44.39605578,41.56115385,37.474861,1.6%,1.7%,1.9%,2.1%,1.7%,1.7%,,,
AIZ,52.685,66.07107143,71.30198413,83.65646825,98.78031873,95.39423077,75.36168388,2.9%,3.6%,3.5%,4.1%,3.7%,3.8%,,,
AJG,43.70287611,46.30579365,45.77198413,46.50698413,58.57631474,65.295,48.61043288,2.4%,2.5%,2.2%,2.3%,2.2%,2.6%,,,
AKAM,43.95652611,57.85892063,68.40519841,55.1359127,55.40563745,65.895,56.60609047,2.4%,3.1%,3.3%,2.7%,2.1%,2.6%,,,
ALB,63.98486726,64.37861111,53.62293651,73.93117063,115.1996614,120.9280769,75.36685465,3.5%,3.5%,2.6%,3.6%,4.3%,4.8%,,,
ALGN,42.1830531,53.90634921,59.99559524,81.39051587,158.9478287,255.5130769,83.62693805,2.3%,2.9%,2.9%,4.0%,5.9%,10.2%,,,
ALK,31.00900442,47.08235119,71.30674603,71.77738095,83.8287251,68.83461538,61.76385822,1.7%,2.5%,3.5%,3.5%,3.1%,2.7%,,,
ALL,50.17384956,59.32998016,65.90388889,67.23973413,88.18840637,100.7276923,67.19368388,2.7%,3.2%,3.2%,3.3%,3.3%,4.0%,,,
ALLE,43.849,51.75914683,60.87202381,66.1231746,78.39589641,83.475,64.16677799,2.4%,2.8%,3.0%,3.2%,2.9%,3.3%,,,
ALXN,105.8321465,166.787877,177.6200794,135.0348016,125.9950598,122.045,142.6017237,5.7%,9.0%,8.6%,6.6%,4.7%,4.9%,,,
AMAT,15.58610619,20.88271786,19.59472222,24.69577381,44.49659363,54.47269231,25.83879658,0.8%,1.1%,1.0%,1.2%,1.7%,2.2%,,,
AMD,3.464977434,3.667999206,2.327678571,5.241507937,12.43650279,12.28519231,5.60431525,0.2%,0.2%,0.1%,0.3%,0.5%,0.5%,,,
AME,44.57185841,51.75944444,53.37892857,47.6702381,61.12555777,75.48538462,52.3321247,2.4%,2.8%,2.6%,2.3%,2.3%,3.0%,,,
AMG,173.8392699,198.345496,200.4261508,148.0205556,172.3483865,203.1492308,179.2062232,9.4%,10.7%,9.7%,7.2%,6.4%,8.1%,,,
AMGN,105.9408942,130.9683036,158.3171429,156.0635714,170.6262355,185.5078846,146.0055478,5.7%,7.1%,7.7%,7.6%,6.4%,7.4%,,,
AMP,86.71230088,117.7896627,122.2198016,97.1922619,137.6536578,173.3388462,114.0823615,4.7%,6.4%,5.9%,4.8%,5.1%,6.9%,,,
AMT,76.3959292,90.44417063,95.8559127,105.8235714,130.0333466,140.8115385,101.0167681,4.1%,4.9%,4.7%,5.2%,4.9%,5.6%,,,
AMZN,301.2748235,332.7984325,478.1262302,699.7565873,968.2538247,1325.553462,576.8672638,16.3%,18.0%,23.2%,34.2%,36.2%,52.9%,,,
ANDV,53.17517699,59.87039286,93.87664683,81.77595238,93.51056175,113.9138462,77.68252184,2.9%,3.2%,4.6%,4.0%,3.5%,4.5%,,,
ANSS,81.00451327,78.4068254,89.3527381,89.95293651,121.2300199,157.0323077,93.53625496,4.4%,4.2%,4.3%,4.4%,4.5%,6.3%,,,
ANTM,80.07867124,108.0783135,147.5598413,133.2733532,185.4044821,241.2784615,134.1646106,4.3%,5.8%,7.2%,6.5%,6.9%,9.6%,,,
AON,68.64513274,86.68269841,96.6568254,105.3339286,130.9561155,137.7403846,99.05539714,3.7%,4.7%,4.7%,5.2%,4.9%,5.5%,,,
AOS,21.17224558,24.69619048,34.2177381,42.61147817,55.08039841,64.73038462,36.43963463,1.1%,1.3%,1.7%,2.1%,2.1%,2.6%,,,
APA,82.71568584,85.77563492,54.38440476,53.47361111,47.94525498,45.46,64.10297379,4.5%,4.6%,2.6%,2.6%,1.8%,1.8%,,,
APC,88.11053142,94.79795595,75.11454365,53.07440476,53.23318725,58.28230769,72.26572677,4.8%,5.1%,3.6%,2.6%,2.0%,2.3%,,,
APD,98.78654867,126.1430952,142.6094048,141.2370238,147.2137052,166.905,132.5919698,5.3%,6.8%,6.9%,6.9%,5.5%,6.7%,,,
APH,38.9624115,48.40272817,55.1109127,59.20666667,77.20804781,90.88346154,56.83336974,2.1%,2.6%,2.7%,2.9%,2.9%,3.6%,,,
APTV,,,,,85.6575,92.24115385,89.54784091,0.0%,0.0%,0.0%,0.0%,3.2%,3.7%,,,
ARE,67.70216814,76.66738095,92.31928571,98.3247619,118.8190239,125.9465385,91.94706513,3.7%,4.1%,4.5%,4.8%,4.4%,5.0%,,,
ARNC,25.63911504,43.33613095,35.095,26.93210317,25.58219124,29.42076923,31.39955917,1.4%,2.3%,1.7%,1.3%,1.0%,1.2%,,,
ATVI,15.84641593,20.67095238,27.57261905,37.92,56.21344622,69.29480769,32.72895155,0.9%,1.1%,1.3%,1.9%,2.1%,2.8%,,,
AVB,129.2449115,142.4499008,171.9348302,176.326746,184.9066135,169.78,161.7906928,7.0%,7.7%,8.4%,8.6%,6.9%,6.8%,,,
AVGO,39.05117257,73.45137897,125.4956746,157.2380952,236.4235757,257.1309615,130.7481692,2.1%,4.0%,6.1%,7.7%,8.8%,10.3%,,,
AVY,44.15938053,48.90535675,58.6627381,72.05698413,90.87559761,118.6207692,64.44754162,2.4%,2.6%,2.8%,3.5%,3.4%,4.7%,,,
AWK,41.27997788,47.75480159,54.20819444,72.56202381,80.48203187,84.13384615,60.12553614,2.2%,2.6%,2.6%,3.6%,3.0%,3.4%,,,
AXP,74.25907124,89.87011944,77.98027778,63.77037698,84.62216733,98.97038462,78.60554345,4.0%,4.9%,3.8%,3.1%,3.2%,3.9%,,,
AYI,85.12630531,128.1736905,186.107619,241.5979365,185.0731275,163.4923077,166.8183241,4.6%,6.9%,9.0%,11.8%,6.9%,6.5%,,,
AZO,421.3161062,534.6986905,697.1455556,768.682619,640.604004,770.1342308,619.6706156,22.8%,28.9%,33.9%,37.6%,24.0%,30.7%,,,
BA,106.122146,128.4822619,143.4285119,132.9872036,214.9970231,330.2715385,149.7769723,5.7%,7.0%,7.0%,6.5%,8.0%,13.2%,,,
BAC,13.65575177,16.34825357,16.59240079,15.42646825,24.73193227,31.16192308,17.70662415,0.7%,0.9%,0.8%,0.8%,0.9%,1.2%,,,
BAX,69.54185841,72.30001984,53.01071429,43.88337302,57.9549004,69.06461538,59.3294162,3.8%,3.9%,2.6%,2.1%,2.2%,2.8%,,,
BBT,33.31347345,37.98117063,38.37424603,36.96724206,46.11077689,53.42923077,38.95879269,1.8%,2.1%,1.9%,1.8%,1.7%,2.1%,,,
BBY,31.1304646,30.28164683,35.25400794,34.78488095,53.61035857,72.53653846,37.85417792,1.7%,1.6%,1.7%,1.7%,2.0%,2.9%,,,
BDX,99.64419248,119.3061905,143.9692857,163.805,194.6745618,231.1334615,146.9552442,5.4%,6.5%,7.0%,8.0%,7.3%,9.2%,,,
BEN,50.63006593,54.98436508,46.64353175,36.09724206,42.85278884,43.59923077,46.09909444,2.7%,3.0%,2.3%,1.8%,1.6%,1.7%,,,
BF.B,35.36590708,44.47921627,48.89230159,47.69531746,51.40972112,67.76807692,46.2330004,1.9%,2.4%,2.4%,2.3%,1.9%,2.7%,,,
BHF,,,,,59.49659483,62.70384615,60.08383803,0.0%,0.0%,0.0%,0.0%,2.2%,2.5%,,,
BHGE,,,,,34.005,33.61269231,33.93789474,0.0%,0.0%,0.0%,0.0%,1.3%,1.3%,,,
BIIB,222.8570133,318.2506349,353.0531944,280.4275794,291.039004,342.4626923,295.5971565,12.1%,17.2%,17.1%,13.7%,10.9%,13.7%,,,
BK,30.23946903,36.45218254,41.30503968,40.27083333,50.11780876,56.24730769,40.20586974,1.6%,2.0%,2.0%,2.0%,1.9%,2.2%,,,
BLK,274.3132743,319.3025794,347.3345238,349.8421032,423.5324303,554.0534615,348.577911,14.8%,17.3%,16.9%,17.1%,15.8%,22.1%,,,
BLL,23.00911504,30.17087302,34.66553571,36.78514881,39.62424303,38.34076923,33.162222,1.2%,1.6%,1.7%,1.8%,1.5%,1.5%,,,
BMY,44.80747946,52.19472222,64.53263889,63.21698413,57.52306773,62.35692308,56.83565664,2.4%,2.8%,3.1%,3.1%,2.2%,2.5%,,,
BRK.B,111.8347788,130.4457143,140.2615476,143.9337659,175.1149064,208.7792308,142.2925342,6.1%,7.1%,6.8%,7.0%,6.5%,8.3%,,,
BSX,9.917810177,12.87599206,17.17714286,21.25400794,26.51063745,27.12846154,17.89542105,0.5%,0.7%,0.8%,1.0%,1.0%,1.1%,,,
BWA,45.43026549,59.56638889,51.96746032,34.53166667,45.38824701,55.46615385,47.5856394,2.5%,3.2%,2.5%,1.7%,1.7%,2.2%,,,
BXP,105.6953097,118.3809921,128.6852976,127.6288492,126.3789841,123.0523077,121.70834,5.7%,6.4%,6.3%,6.2%,4.7%,4.9%,,,
C,48.95017655,50.19480198,53.30170635,46.33986111,65.69982072,76.90384615,53.46438443,2.6%,2.7%,2.6%,2.3%,2.5%,3.1%,,,
CA,28.79803097,29.97837302,29.80460317,31.41563492,32.71143426,34.37730769,30.6551112,1.6%,1.6%,1.4%,1.5%,1.2%,1.4%,,,
CAG,33.94561947,32.17833333,39.56847222,43.91206349,37.04505976,37.36730769,37.40079825,1.8%,1.7%,1.9%,2.1%,1.4%,1.5%,,,
CAH,51.37716814,72.37265873,85.71563492,78.50728175,71.61635458,69.07692308,72.28358221,2.8%,3.9%,4.2%,3.8%,2.7%,2.8%,,,
CAT,85.89778717,100.7327778,78.78823413,78.63603175,112.5278287,164.4042308,92.92094512,4.6%,5.4%,3.8%,3.8%,4.2%,6.6%,,,
CB,92.11946903,103.6578968,109.4130159,123.1806746,142.3448008,148.7207692,115.2896624,5.0%,5.6%,5.3%,6.0%,5.3%,5.9%,,,
CBG,23.71221239,29.84670635,35.81253968,28.58555556,36.617251,44.79038462,31.34561557,1.3%,1.6%,1.7%,1.4%,1.4%,1.8%,,,
CBOE,44.27174779,53.78928571,62.64916667,66.18055556,94.72207171,130.6511538,66.08226767,2.4%,2.9%,3.0%,3.2%,3.5%,5.2%,,,
CBS,51.8848677,58.72178571,53.54845238,53.80388889,62.59936255,57.89923077,56.23072288,2.8%,3.2%,2.6%,2.6%,2.3%,2.3%,,,
CCI,72.51964602,76.45832937,83.67083333,89.88978175,99.46864542,108.3976923,85.13040826,3.9%,4.1%,4.1%,4.4%,3.7%,4.3%,,,
CCL,35.1705531,39.28607143,48.80724206,48.3859881,62.88900797,69.09730769,47.59571088,1.9%,2.1%,2.4%,2.4%,2.4%,2.8%,,,
CDNS,13.97349513,16.53329365,19.91438492,23.92031746,35.53960159,43.86115385,22.58266473,0.8%,0.9%,1.0%,1.2%,1.3%,1.7%,,,
CELG,67.28056416,87.84753968,118.469127,106.5447421,122.8155179,103.2623077,101.3169162,3.6%,4.8%,5.8%,5.2%,4.6%,4.1%,,,
CERN,49.94311947,57.19611111,66.4652381,56.61527778,63.30860558,69.03346154,59.09625496,2.7%,3.1%,3.2%,2.8%,2.4%,2.8%,,,
CF,39.95713053,50.27853175,56.4467381,28.38402222,32.15430279,41.63936538,41.48626418,2.2%,2.7%,2.7%,1.4%,1.2%,1.7%,,,
CFG,,23.73434783,25.44172619,24.15944444,36.52422311,45.38192308,28.8055,0.0%,1.3%,1.2%,1.2%,1.4%,1.8%,,,
CHD,31.28263274,34.58617063,42.32214286,46.73838294,49.13673307,49.26846154,41.17803217,1.7%,1.9%,2.1%,2.3%,1.8%,2.0%,,,
CHK,23.36207965,25.43281786,11.57505952,5.190535714,4.921415538,3.895769231,13.70166434,1.3%,1.4%,0.6%,0.3%,0.2%,0.2%,,,
CHRW,58.30335177,62.88380952,68.32142857,70.95297619,74.59252988,92.61461538,67.71336974,3.2%,3.4%,3.3%,3.5%,2.8%,3.7%,,,
CHTR,117.9957301,146.5683333,180.3317063,229.192381,340.9737849,364.3107692,207.9895353,6.4%,7.9%,8.8%,11.2%,12.8%,14.5%,,,
CI,73.41477876,90.14894841,134.3005952,132.6001984,171.2198805,211.5046154,123.148201,4.0%,4.9%,6.5%,6.5%,6.4%,8.4%,,,
CINF,48.19579646,48.66289683,54.21357143,69.74992063,73.52384462,74.93038462,59.40967037,2.6%,2.6%,2.6%,3.4%,2.7%,3.0%,,,
CL,60.20896018,65.89654762,67.1585119,70.08896825,72.30739084,74.77230769,67.42871732,3.3%,3.6%,3.3%,3.4%,2.7%,3.0%,,,
CLX,86.33637168,91.96503968,113.2435913,126.4391667,133.6647012,141.82,111.4570492,4.7%,5.0%,5.5%,6.2%,5.0%,5.7%,,,
CMA,40.04358407,48.54698413,45.62734127,45.63269841,73.05665339,92.53846154,51.64768864,2.2%,2.6%,2.2%,2.2%,2.7%,3.7%,,,
CMCSA,21.87387212,26.64950437,29.49928571,31.59621032,38.37320717,41.48326923,29.99640604,1.2%,1.4%,1.4%,1.5%,1.4%,1.7%,,,
CME,70.61075221,76.4509127,93.78928571,100.261627,127.1515139,153.1596154,95.33095314,3.8%,4.1%,4.6%,4.9%,4.8%,6.1%,,,
CMG,407.6434956,601.6322024,659.4137302,428.5605952,378.1184064,318.8073077,493.3319976,22.1%,32.5%,32.0%,21.0%,14.1%,12.7%,,,
CMI,122.0962611,144.1180952,125.3137897,116.2044444,159.0202988,184.3196154,134.6151827,6.6%,7.8%,6.1%,5.7%,5.9%,7.4%,,,
CMS,27.27340708,30.00123016,34.58880952,41.41511905,46.28380478,44.73192308,36.2647776,1.5%,1.6%,1.7%,2.0%,1.7%,1.8%,,,
CNC,26.89067478,37.68964286,64.59581349,62.7743254,81.32806773,107.4292308,56.29774623,1.5%,2.0%,3.1%,3.1%,3.0%,4.3%,,,
CNP,23.55035442,24.06587262,19.60734127,21.91599206,28.14613546,27.78423077,23.54084988,1.3%,1.3%,1.0%,1.1%,1.1%,1.1%,,,
COF,64.01426991,78.64396825,79.89146825,71.16684524,86.0112749,102.6842308,76.73615568,3.5%,4.3%,3.9%,3.5%,3.2%,4.1%,,,
COG,35.16746726,34.40646786,26.80960317,22.91083333,24.79996016,27.595,28.66567712,1.9%,1.9%,1.3%,1.1%,0.9%,1.1%,,,
COL,67.3085177,79.02291667,89.94027778,87.0409127,113.3792829,137.2107692,88.76127085,3.6%,4.3%,4.4%,4.3%,4.2%,5.5%,,,
COO,120.1723845,144.7606746,164.3989683,163.9327381,221.4211355,234.6034615,165.2538792,6.5%,7.8%,8.0%,8.0%,8.3%,9.4%,,,
COP,65.24337168,74.21031746,58.17603175,42.47130952,47.86916335,58.33576923,57.45911199,3.5%,4.0%,2.8%,2.1%,1.8%,2.3%,,,
COST,112.8893819,121.5805754,147.7775,154.3088095,167.3844223,191.1319231,142.3828239,6.1%,6.6%,7.2%,7.5%,6.3%,7.6%,,,
COTY,16.25421429,16.69007937,25.9289881,25.20043651,18.15364542,19.89076923,20.83531969,0.9%,0.9%,1.3%,1.2%,0.7%,0.8%,,,
CPB,43.44964602,43.85440476,48.30068095,59.46079365,53.79864542,46.68923077,49.8365382,2.4%,2.4%,2.3%,2.9%,2.0%,1.9%,,,
CRM,46.24960265,57.27257937,70.62616667,74.59797619,90.19314741,110.0255769,69.08715584,2.5%,3.1%,3.4%,3.6%,3.4%,4.4%,,,
CSCO,22.83492301,24.22002143,27.8471627,28.77665278,33.12606375,40.69211538,27.72516005,1.2%,1.3%,1.4%,1.4%,1.2%,1.6%,,,
CSRA,,,29.51125,26.57630952,30.79033865,31.84576923,28.87336007,0.0%,0.0%,1.4%,1.3%,1.2%,1.3%,,,
CSX,25.20362832,30.78890873,31.45218254,28.09030992,50.36270916,56.955,33.82160691,1.4%,1.7%,1.5%,1.4%,1.9%,2.3%,,,
CTAS,48.42840796,64.29849206,85.57412698,100.0204365,132.0328287,162.18,88.38347117,2.6%,3.5%,4.2%,4.9%,4.9%,6.5%,,,
CTL,34.30190221,36.53259921,31.45253968,27.94914683,21.9059761,17.43538462,30.08688634,1.9%,2.0%,1.5%,1.4%,0.8%,0.7%,,,
CTSH,38.64710752,48.93107143,62.28446468,57.21373016,66.09221116,75.47,55.38505671,2.1%,2.6%,3.0%,2.8%,2.5%,3.0%,,,
CTXS,66.11433628,63.23553571,69.37353175,81.55757937,82.27677291,91.46230769,73.0272637,3.6%,3.4%,3.4%,4.0%,3.1%,3.6%,,,
CVS,59.33373894,78.35884881,101.6880556,93.0425,77.66268924,78.08769231,82.4079189,3.2%,4.2%,4.9%,4.6%,2.9%,3.1%,,,
CVX,120.9525442,120.550575,96.38043651,99.75757937,111.4624064,127.7153846,109.9590658,6.5%,6.5%,4.7%,4.9%,4.2%,5.1%,,,
CXO,95.8985531,121.2011111,110.4591468,117.8369643,130.0856972,156.3446154,116.3326791,5.2%,6.6%,5.4%,5.8%,4.9%,6.2%,,,
D,60.02170354,69.95845238,70.94710317,73.23972222,78.27276892,76.13923077,70.81461477,3.2%,3.8%,3.4%,3.6%,2.9%,3.0%,,,
DAL,20.7346469,37.61111111,46.15170635,43.12714286,50.00302271,56.62076923,40.25829936,1.1%,2.0%,2.2%,2.1%,1.9%,2.3%,,,
DE,85.47986726,87.79910754,86.17944444,83.93043651,122.2198008,165.3776923,94.74861406,4.6%,4.8%,4.2%,4.1%,4.6%,6.6%,,,
DFS,48.2050885,60.38297619,57.0544246,55.83170635,65.37213147,78.72384615,57.99316124,2.6%,3.3%,2.8%,2.7%,2.4%,3.1%,,,
DG,53.98088496,60.12869048,72.61996032,79.92611111,76.52065737,99.36038462,69.56614376,2.9%,3.3%,3.5%,3.9%,2.9%,4.0%,,,
DGX,59.10464602,59.27061508,70.59537698,78.34960317,100.4947211,102.2261538,74.43211676,3.2%,3.2%,3.4%,3.8%,3.8%,4.1%,,,
DHI,21.50654867,22.72442817,28.43412698,29.71115079,36.82557769,50.61923077,28.43444472,1.2%,1.2%,1.4%,1.5%,1.4%,2.0%,,,
DHR,66.4975,77.382049,88.00900415,86.0918604,85.87739044,98.81423077,81.42052329,3.6%,4.2%,4.3%,4.2%,3.2%,3.9%,,,
DIS,63.99743451,84.51017857,107.9040476,97.41347222,106.3543705,110.3534615,92.98184051,3.5%,4.6%,5.2%,4.8%,4.0%,4.4%,,,
DISCA,80.3491677,62.71503968,30.7225,26.69494603,24.57304781,24.18923077,43.86739738,4.3%,3.4%,1.5%,1.3%,0.9%,1.0%,,,
DISCK,72.89238938,59.90130952,29.08349206,25.84896825,23.66896414,22.98730769,41.26320095,3.9%,3.2%,1.4%,1.3%,0.9%,0.9%,,,
DISH,43.63741106,62.57289683,67.06035714,51.49178571,58.53657371,47.43961538,56.73683471,2.4%,3.4%,3.3%,2.5%,2.2%,1.9%,,,
DLR,58.73460177,59.66494048,67.86055556,92.71587302,113.2247809,109.5353846,79.46162431,3.2%,3.2%,3.3%,4.5%,4.2%,4.4%,,,
DLTR,52.00154867,56.04384921,74.9343254,83.56099206,82.0061753,111.7673077,70.93385226,2.8%,3.0%,3.6%,4.1%,3.1%,4.5%,,,
DOV,82.24619469,84.37547619,67.52472222,67.46519841,85.35494024,103.6223077,77.82842732,4.4%,4.6%,3.3%,3.3%,3.2%,4.1%,,,
DPS,46.45513274,59.29813492,80.18123016,91.32571429,91.75669323,103.1380769,74.95969817,2.5%,3.2%,3.9%,4.5%,3.4%,4.1%,,,
DRE,16.1540708,17.62972222,20.21595238,24.30702381,27.77665339,26.10846154,21.41704527,0.9%,1.0%,1.0%,1.2%,1.0%,1.0%,,,
DRI,50.17150442,50.25017857,65.25948413,64.98496032,82.75342629,97.34269231,63.64211676,2.7%,2.7%,3.2%,3.2%,3.1%,3.9%,,,
DTE,67.87670354,75.80956349,80.58571429,91.45210317,106.6152191,104.7853846,85.21248213,3.7%,4.1%,3.9%,4.5%,4.0%,4.2%,,,
DUK,69.64057522,73.80192421,74.81336905,78.73894841,84.11733705,78.96653846,76.40875338,3.8%,4.0%,3.6%,3.9%,3.1%,3.2%,,,
DVA,59.42328673,71.17130952,77.42063492,68.9852381,63.47892829,77.00153846,68.4625606,3.2%,3.9%,3.8%,3.4%,2.4%,3.1%,,,
DVN,57.91305398,67.51722222,53.06242063,35.83305556,37.70950199,42.58307692,50.10055218,3.1%,3.7%,2.6%,1.8%,1.4%,1.7%,,,
DWDP,,,,,70.54849398,74.405,71.4683945,0.0%,0.0%,0.0%,0.0%,2.6%,3.0%,,,
DXC,,,,,83.97716931,99.77384615,85.88746512,0.0%,0.0%,0.0%,0.0%,3.1%,4.0%,,,
EA,22.59650487,34.25712302,63.98809524,73.70698413,103.8223705,116.0153846,61.5683718,1.2%,1.9%,3.1%,3.6%,3.9%,4.6%,,,
EBAY,53.37828938,53.42778571,44.07343254,27.03595238,35.0447012,40.03230769,42.32241493,2.9%,2.9%,2.1%,1.3%,1.3%,1.6%,,,
ECL,91.20584071,108.5723413,113.4647024,115.2121429,128.9837251,136.7669231,112.4147498,4.9%,5.9%,5.5%,5.6%,4.8%,5.5%,,,
ED,58.04619469,57.39706349,63.17694444,73.98424603,81.13488048,79.99576923,67.18972597,3.1%,3.1%,3.1%,3.6%,3.0%,3.2%,,,
EFX,61.2509292,73.42384921,98.45329365,120.4230357,127.2689442,122.6626923,97.40753773,3.3%,4.0%,4.8%,5.9%,4.8%,4.9%,,,
EIX,48.12504425,56.28041667,61.39930159,70.54829365,77.85749004,62.25269231,63.12193725,2.6%,3.0%,3.0%,3.5%,2.9%,2.5%,,,
EL,68.57172566,73.08079325,83.52115079,88.72690476,99.23949801,132.9488462,83.94429222,3.7%,4.0%,4.1%,4.3%,3.7%,5.3%,,,
EMN,74.30115044,82.92978175,73.27428571,69.5240873,83.82719124,97.99576923,77.25501986,4.0%,4.5%,3.6%,3.4%,3.1%,3.9%,,,
EMR,60.67584071,65.18244048,53.33615079,52.1752381,61.0189243,72.12807692,58.71220413,3.3%,3.5%,2.6%,2.6%,2.3%,2.9%,,,
EOG,74.03352876,99.13284722,85.30519841,83.64188492,95.70864542,113.6111538,88.37528197,4.0%,5.4%,4.1%,4.1%,3.6%,4.5%,,,
EQIX,189.6811504,202.1575397,262.0449603,343.4623016,428.6445817,442.7465385,290.3103018,10.3%,10.9%,12.7%,16.8%,16.0%,17.7%,,,
EQR,55.20393805,62.77209921,76.14781746,67.88559524,65.42593625,61.20653846,65.61108737,3.0%,3.4%,3.7%,3.3%,2.4%,2.4%,,,
EQT,79.66684735,96.32051548,75.13507937,67.86666667,60.55818725,56.71269231,75.44761906,4.3%,5.2%,3.6%,3.3%,2.3%,2.3%,,,
ES,42.41876106,46.07420635,50.00643154,55.21448413,60.6039243,61.40076923,51.25877003,2.3%,2.5%,2.4%,2.7%,2.3%,2.4%,,,
ESRX,62.46572522,73.60353175,86.02261905,72.98347103,64.37282869,78.46384615,72.22598777,3.4%,4.0%,4.2%,3.6%,2.4%,3.1%,,,
ESS,154.7583186,181.2902778,224.4325595,221.6092857,248.6609163,230.5415385,207.681529,8.4%,9.8%,10.9%,10.8%,9.3%,9.2%,,,
ETFC,13.98991195,21.82622183,27.85813492,26.82507937,39.42398406,52.74,26.77423193,0.8%,1.2%,1.4%,1.3%,1.5%,2.1%,,,
ETN,66.21384956,71.17652778,62.87134921,61.71821429,75.09573705,83.50461538,67.76611199,3.6%,3.9%,3.1%,3.0%,2.8%,3.3%,,,
ETR,65.80342478,74.15426587,72.98873016,75.13888889,77.95057769,78.26884615,73.46083717,3.6%,4.0%,3.5%,3.7%,2.9%,3.1%,,,
EVHC,,,,67.4635,53.22996016,35.43961538,52.63104377,0.0%,0.0%,0.0%,3.3%,2.0%,1.4%,,,
EW,36.00223407,45.85143849,71.39970238,99.12549603,107.0550797,122.29,73.64081207,1.9%,2.5%,3.5%,4.8%,4.0%,4.9%,,,
EXC,31.10024336,33.51132937,32.05998016,33.61873016,37.29593625,38.36269231,33.6642216,1.7%,1.8%,1.6%,1.6%,1.4%,1.5%,,,
EXPD,40.59404115,42.41359127,47.19507937,49.2531746,57.0575498,65.445,47.808144,2.2%,2.3%,2.3%,2.4%,2.1%,2.6%,,,
EXPE,58.21665973,78.59972222,108.7695238,112.6771825,135.065498,128.2423077,100.082927,3.1%,4.3%,5.3%,5.5%,5.1%,5.1%,,,
EXR,42.58066372,52.0418254,72.22623016,83.81928571,78.56549801,83.54923077,66.6826529,2.3%,2.8%,3.5%,4.1%,2.9%,3.3%,,,
F,15.55741062,15.90859127,15.01652778,12.6340873,11.79822709,12.06153846,14.11266863,0.8%,0.9%,0.7%,0.6%,0.4%,0.5%,,,
FAST,48.62300885,46.68418651,41.05678571,43.86121032,46.90924303,54.68230769,45.55084194,2.6%,2.5%,2.0%,2.1%,1.8%,2.2%,,,
FB,36.10573274,68.76392857,88.75345635,117.080677,156.4810458,184.6757692,96.45505933,2.0%,3.7%,4.3%,5.7%,5.9%,7.4%,,,
FBHS,39.54017699,42.19742063,48.09646825,56.01698413,62.96378486,70.055,50.3826529,2.1%,2.3%,2.3%,2.7%,2.4%,2.8%,,,
FCX,32.36086327,32.89924524,15.45696429,10.61709921,13.90067729,19.40230769,20.78503487,1.8%,1.8%,0.8%,0.5%,0.5%,0.8%,,,
FDX,111.1502434,149.3397619,165.4033333,162.1789484,207.5040442,264.9976923,162.2539834,6.0%,8.1%,8.0%,7.9%,7.8%,10.6%,,,
FE,38.66787611,33.73876984,34.11347222,33.35670635,31.12766932,31.08423077,34.04672756,2.1%,1.8%,1.7%,1.6%,1.2%,1.2%,,,
FFIV,84.36995575,113.994675,117.7438492,114.9879345,129.5200398,139.0007692,113.2376708,4.6%,6.2%,5.7%,5.6%,4.8%,5.5%,,,
FIS,44.52936504,55.59642817,65.51303571,71.24630952,87.18669323,98.24615385,65.90591851,2.4%,3.0%,3.2%,3.5%,3.3%,3.9%,,,
FISV,47.59230088,62.06916667,84.31678571,101.2859921,121.5624303,137.0988462,85.18342335,2.6%,3.4%,4.1%,5.0%,4.5%,5.5%,,,
FITB,18.23650442,20.83238095,19.81753968,19.40920635,26.7723506,32.12346154,21.2958062,1.0%,1.1%,1.0%,0.9%,1.0%,1.3%,,,
FL,35.02353982,49.46662698,64.30349206,63.97420635,54.06233068,48.64576923,53.64680302,1.9%,2.7%,3.1%,3.1%,2.0%,1.9%,,,
FLIR,28.18199115,33.33507937,30.11113095,31.78134921,39.01151394,50.21538462,32.93404686,1.5%,1.8%,1.5%,1.6%,1.5%,2.0%,,,
FLR,66.72061903,72.78361111,52.02468254,50.58986111,47.63768924,57.66423077,57.77245822,3.6%,3.9%,2.5%,2.5%,1.8%,2.3%,,,
FLS,59.41278982,72.57412698,50.83607143,45.44484127,45.15956175,43.87807692,54.37223233,3.2%,3.9%,2.5%,2.2%,1.7%,1.8%,,,
FMC,65.49473451,68.06242063,50.24861111,45.72007937,77.39814741,92.66692308,61.93322081,3.5%,3.7%,2.4%,2.2%,2.9%,3.7%,,,
FOX,32.18360294,33.25222222,31.43321429,27.22404762,28.66386454,36.41269231,30.52140291,1.7%,1.8%,1.5%,1.3%,1.1%,1.5%,,,
FOXA,32.33128676,34.1915381,31.77412698,27.06579206,29.15561753,36.86115385,30.89600701,1.7%,1.8%,1.5%,1.3%,1.1%,1.5%,,,
FRT,105.9321681,120.044246,139.2527778,152.2930754,131.2681076,123.3438462,130.1164496,5.7%,6.5%,6.8%,7.5%,4.9%,4.9%,,,
FTI,53.70902655,54.57971825,36.70166667,28.51400794,29.55023904,32.96923077,40.19141303,2.9%,3.0%,1.8%,1.4%,1.1%,1.3%,,,
FTV,,,,51.61261905,64.49531873,74.23307692,61.0957196,0.0%,0.0%,0.0%,2.5%,2.4%,3.0%,,,
GD,80.54371681,118.7641865,140.978254,146.0474206,196.3593028,211.5584615,139.1966878,4.4%,6.4%,6.8%,7.1%,7.3%,8.4%,,,
GE,24.25980088,26.02579325,26.76259921,30.31797619,26.01625498,17.10192308,26.52918975,1.3%,1.4%,1.3%,1.5%,1.0%,0.7%,,,
GGP,20.55070796,23.60503968,27.69047619,27.7931746,22.91368526,23.16923077,24.56596108,1.1%,1.3%,1.3%,1.4%,0.9%,0.9%,,,
GILD,58.04796593,89.72437183,106.5815143,83.67323413,72.33056175,79.81192308,82.52872089,3.1%,4.9%,5.2%,4.1%,2.7%,3.2%,,,
GIS,49.14639336,51.72130952,56.0440873,63.33269444,56.75910359,58.69461538,55.596822,2.7%,2.8%,2.7%,3.1%,2.1%,2.3%,,,
GLW,14.87533186,20.28795595,20.29527778,21.14422659,29.09737052,33.20230769,21.51218824,0.8%,1.1%,1.0%,1.0%,1.1%,1.3%,,,
GM,34.02573009,34.59867063,34.35325397,31.33496032,37.60663347,43.15538462,34.56982923,1.8%,1.9%,1.7%,1.5%,1.4%,1.7%,,,
GOOG,,554.7341031,602.5131647,743.7385317,921.1198008,1121.351923,725.3641677,0.0%,30.0%,29.3%,36.4%,34.5%,44.7%,,,
GOOGL,450.5665173,568.9594992,620.0650893,763.6583532,939.453506,1130.021154,682.3570407,24.4%,30.8%,30.1%,37.4%,35.1%,45.1%,,,
GPC,78.84084071,88.76718254,90.47003968,95.57654762,91.12087649,101.8642308,89.42884035,4.3%,4.8%,4.4%,4.7%,3.4%,4.1%,,,
GPN,25.69013274,36.16962302,54.78188492,70.17218254,89.77932271,106.845,56.96721207,1.4%,2.0%,2.7%,3.4%,3.4%,4.3%,,,
GPS,39.56973451,40.63988056,35.5160119,24.29121032,25.51101992,33.39346154,32.98405552,2.1%,2.2%,1.7%,1.2%,1.0%,1.3%,,,
GRMN,39.81769956,54.25301389,43.20829365,44.49196429,53.01778884,62.10115385,47.41312121,2.2%,2.9%,2.1%,2.2%,2.0%,2.5%,,,
GS,158.2325881,173.4153968,193.0144048,168.8618651,233.7145219,259.0465385,187.4913581,8.6%,9.4%,9.4%,8.3%,8.7%,10.3%,,,
GT,17.51922566,25.50382857,29.69095238,29.70186508,33.14786853,34.03538462,27.44903479,0.9%,1.4%,1.4%,1.5%,1.2%,1.4%,,,
GWW,251.3059735,249.2079369,227.551746,221.3040079,202.4153386,248.0665385,230.3122956,13.6%,13.5%,11.1%,10.8%,7.6%,9.9%,,,
HAL,45.88289867,58.81547619,41.15610714,41.81238095,46.44826693,52.84923077,46.96718753,2.5%,3.2%,2.0%,2.0%,1.7%,2.1%,,,
HAS,46.76723451,54.04289683,70.20698413,80.71279167,97.77199203,92.87230769,70.83037212,2.5%,2.9%,3.4%,3.9%,3.7%,3.7%,,,
HBAN,8.130884956,9.670277778,11.02321429,10.05183333,13.45501992,15.63730769,10.61888959,0.4%,0.5%,0.5%,0.5%,0.5%,0.6%,,,
HBI,13.9397292,22.91909246,31.00075397,26.54242063,22.03571713,21.92192308,23.45337975,0.8%,1.2%,1.5%,1.3%,0.8%,0.9%,,,
HCA,40.70022124,59.81968254,77.61801587,75.01503968,82.11513944,92.13461538,68.10384432,2.2%,3.2%,3.8%,3.7%,3.1%,3.7%,,,
HCN,64.75212389,64.00005952,70.53146825,69.62686508,70.13988048,60.32538462,67.71681096,3.5%,3.5%,3.4%,3.4%,2.6%,2.4%,,,
HCP,44.75256637,41.1347619,39.65246032,34.27460317,29.75625498,24.23423077,37.49687847,2.4%,2.2%,1.9%,1.7%,1.1%,1.0%,,,
HD,75.50822965,85.38696429,116.3496825,129.7944444,155.2689841,196.6284615,114.9289515,4.1%,4.6%,5.7%,6.4%,5.8%,7.8%,,,
HES,74.00265487,87.0022619,63.97674603,52.63313492,46.83958167,51.42384615,64.43893169,4.0%,4.7%,3.1%,2.6%,1.8%,2.1%,,,
HIG,30.47685973,36.44809524,43.70380952,43.57265873,52.02798805,56.35384615,41.77171191,1.6%,2.0%,2.1%,2.1%,1.9%,2.2%,,,
HII,62.48048673,100.1024603,122.8852778,154.4196032,210.8536853,237.9134615,133.7071207,3.4%,5.4%,6.0%,7.6%,7.9%,9.5%,,,
HLT,,,,,64.49874,83.45038462,66.28403986,0.0%,0.0%,0.0%,0.0%,2.4%,3.3%,,,
HOG,58.75977832,66.32240079,56.38,49.54210317,52.89741036,51.61769231,56.63592923,3.2%,3.6%,2.7%,2.4%,2.0%,2.1%,,,
HOLX,21.50006637,24.04196429,36.11095238,36.47345238,41.25067729,43.14730769,32.31501986,1.2%,1.3%,1.8%,1.8%,1.5%,1.7%,,,
HON,80.53570619,93.91720238,102.255873,111.8744841,134.7084064,157.3138462,106.2200354,4.4%,5.1%,5.0%,5.5%,5.0%,6.3%,,,
HP,67.80300885,96.74202381,62.69757937,62.09019841,58.86810159,69.82461538,69.69048729,3.7%,5.2%,3.0%,3.0%,2.2%,2.8%,,,
HPE,,,14.80653846,19.02739683,17.85290438,15.79269231,17.99747504,0.0%,0.0%,0.7%,0.9%,0.7%,0.6%,,,
HPQ,,,12.57423077,13.13007183,18.70334462,22.62153846,15.91280138,0.0%,0.0%,0.6%,0.6%,0.7%,0.9%,,,
HRB,28.29008805,31.11553611,33.58031746,24.91035714,25.91173307,26.41884615,28.72522637,1.5%,1.7%,1.6%,1.2%,1.0%,1.1%,,,
HRL,20.74634956,24.49904762,30.30670635,38.07477738,34.08565737,34.87846154,29.83074575,1.1%,1.3%,1.5%,1.9%,1.3%,1.4%,,,
HRS,54.01486726,71.50940437,77.75297619,86.65087302,119.10751,146.9915385,83.69758928,2.9%,3.9%,3.8%,4.2%,4.5%,5.9%,,,
HSIC,50.36050885,59.80724206,71.73303571,81.91829365,83.15947211,74.83538462,69.89021644,2.7%,3.2%,3.5%,4.0%,3.1%,3.0%,,,
HST,17.79438053,21.49515873,19.43953968,16.19412698,18.61290837,20.46076923,18.76236219,1.0%,1.2%,0.9%,0.8%,0.7%,0.8%,,,
HSY,91.12789823,97.48859127,94.72103175,96.75011905,108.4895219,109.0638462,98.07727562,4.9%,5.3%,4.6%,4.7%,4.1%,4.4%,,,
HUM,86.63106195,121.5807937,176.1559127,178.7595635,231.3847809,271.5446154,162.6635584,4.7%,6.6%,8.6%,8.7%,8.7%,10.8%,,,
IBM,193.6031204,182.261746,155.3750397,150.3425198,157.7331713,162.5980769,167.2308707,10.5%,9.9%,7.5%,7.4%,5.9%,6.5%,,,
ICE,36.10185676,40.60088048,47.00639683,52.30224603,63.62776892,73.75692308,48.73960223,2.0%,2.2%,2.3%,2.6%,2.4%,2.9%,,,
IDXX,47.79387168,64.15845238,72.40706349,94.43876984,153.966255,176.4146154,89.15552423,2.6%,3.5%,3.5%,4.6%,5.8%,7.0%,,,
IFF,80.1795354,97.12126984,113.5490079,124.1587302,136.4520717,152.4373077,111.7635624,4.3%,5.3%,5.5%,6.1%,5.1%,6.1%,,,
ILMN,75.10086283,164.7129762,191.8360714,151.3964683,185.6462151,236.3023077,157.0421962,4.1%,8.9%,9.3%,7.4%,6.9%,9.4%,,,
INCY,30.06433584,57.06376984,102.6618254,83.6068254,121.4758964,94.12576923,80.2637251,1.6%,3.1%,5.0%,4.1%,4.5%,3.8%,,,
INFO,,25.02036765,27.55039683,33.6709127,43.55623506,47.15846154,33.79419302,0.0%,1.4%,1.3%,1.6%,1.6%,1.9%,,,
INTC,23.23723584,30.28343571,32.14714286,33.30289683,37.77667331,45.51961538,31.80453225,1.3%,1.6%,1.6%,1.6%,1.4%,1.8%,,,
INTU,65.32661504,81.39954365,97.12186508,106.1874603,134.9404781,164.4411538,99.01189833,3.5%,4.4%,4.7%,5.2%,5.0%,6.6%,,,
IP,46.22415929,48.7340873,48.07031746,43.53503968,54.63769323,62.13153846,48.56368626,2.5%,2.6%,2.3%,2.1%,2.0%,2.5%,,,
IPG,15.23765354,18.48265873,21.09988095,22.81126984,22.52272908,21.08538462,20.14962248,0.8%,1.0%,1.0%,1.1%,0.8%,0.8%,,,
IQV,43.95823171,53.49087302,68.75746032,70.64281746,89.24233068,100.8980769,67.53625313,2.4%,2.9%,3.3%,3.5%,3.3%,4.0%,,,
IR,59.33292035,60.20515873,62.58424603,64.43210317,85.89003984,91.60538462,67.13995234,3.2%,3.3%,3.0%,3.2%,3.2%,3.7%,,,
IRM,30.80579602,32.14458333,33.17369048,34.26825397,36.84163347,35.73269231,33.54584186,1.7%,1.7%,1.6%,1.7%,1.4%,1.4%,,,
ISRG,146.7154965,147.4426413,168.9803611,212.0151187,306.8922287,416.3030769,201.8887515,7.9%,8.0%,8.2%,10.4%,11.5%,16.6%,,,
IT,58.21028761,73.23527778,85.96337302,92.53765873,116.0603785,132.6057692,86.71324861,3.1%,4.0%,4.2%,4.5%,4.3%,5.3%,,,
ITW,71.24128319,86.17484127,92.38021825,108.5610119,142.5688048,170.1880769,102.1949484,3.9%,4.7%,4.5%,5.3%,5.3%,6.8%,,,
IVZ,31.88004469,37.45035714,36.8459127,29.67800397,33.56788845,36.78653846,33.98601835,1.7%,2.0%,1.8%,1.5%,1.3%,1.5%,,,
JBHT,73.24794248,76.26563492,81.24670635,82.15095238,97.39802789,120.0723077,83.01665608,4.0%,4.1%,3.9%,4.0%,3.6%,4.8%,,,
JCI,35.93011283,44.97528135,40.49167381,41.88696667,40.90679283,39.31923077,40.90810071,1.9%,2.4%,2.0%,2.0%,1.5%,1.6%,,,
JEC,56.41973451,54.57829365,42.06555556,48.85765873,56.75442231,68.52807692,51.98119936,3.1%,3.0%,2.0%,2.4%,2.1%,2.7%,,,
JNJ,87.17216858,100.8201984,99.78184524,113.5591865,129.6548606,142.1415385,107.3142098,4.7%,5.5%,4.8%,5.6%,4.8%,5.7%,,,
JNPR,19.68597345,23.88519841,26.37146825,24.32996032,27.96151394,27.84307692,24.6124861,1.1%,1.3%,1.3%,1.2%,1.0%,1.1%,,,
JPM,52.47845177,58.16261905,63.8440754,65.53949603,92.0038996,112.1407692,67.61748125,2.8%,3.1%,3.1%,3.2%,3.4%,4.5%,,,
JWN,58.32053142,66.85242063,72.77039683,49.21128968,44.91003187,49.68576923,58.24534003,3.2%,3.6%,3.5%,2.4%,1.7%,2.0%,,,
K,62.74349027,63.84075397,66.1377381,76.38128968,69.14864542,67.16461538,67.74049547,3.4%,3.5%,3.2%,3.7%,2.6%,2.7%,,,
KEY,11.32931416,13.55176587,13.94904762,12.70021825,18.34641434,21.07923077,14.17322875,0.6%,0.7%,0.7%,0.6%,0.7%,0.8%,,,
KHC,,,74.61896825,82.83570238,85.79856574,78.29192308,82.21010229,0.0%,0.0%,3.6%,4.1%,3.2%,3.1%,,,
KIM,21.68522124,22.8552381,25.30857143,28.17027778,20.50832669,16.54230769,23.60185862,1.2%,1.2%,1.2%,1.4%,0.8%,0.7%,,,
KLAC,58.04194735,70.07230159,59.38928571,71.84662698,97.23796813,109.6661538,72.36314543,3.1%,3.8%,2.9%,3.5%,3.6%,4.4%,,,
KMB,99.38655354,109.9799206,112.4101984,126.5289683,123.6772709,117.1596154,114.7562479,5.4%,6.0%,5.5%,6.2%,4.6%,4.7%,,,
KMI,37.16309735,36.22184524,34.98797619,19.14737302,19.79436255,18.72384615,29.08981573,2.0%,2.0%,1.7%,0.9%,0.7%,0.7%,,,
KMX,46.64234513,49.67710317,64.03537698,52.81732143,65.87982072,69.84269231,56.28151311,2.5%,2.7%,3.1%,2.6%,2.5%,2.8%,,,
KO,39.93247743,40.80328929,41.23511905,43.52781349,44.31741036,46.56730769,42.09836998,2.2%,2.2%,2.0%,2.1%,1.7%,1.9%,,,
KORS,67.57252212,84.27954365,51.96313492,48.92025794,42.76143426,65.40615385,59.06761716,3.7%,4.6%,2.5%,2.4%,1.6%,2.6%,,,
KR,18.37004425,24.39482143,36.97319444,35.05555556,26.53041833,28.94961538,28.4846664,1.0%,1.3%,1.8%,1.7%,1.0%,1.2%,,,
KSS,51.3079646,55.55992063,59.88837302,44.41809524,41.52930279,62.73576923,50.78388801,2.8%,3.0%,2.9%,2.2%,1.6%,2.5%,,,
KSU,111.2519027,110.1447817,97.83206349,88.02234127,97.79954183,109.7992308,100.9826767,6.0%,6.0%,4.8%,4.3%,3.7%,4.4%,,,
L,45.80946903,43.3465873,38.93369048,40.34936508,47.65410359,51.48538462,43.33233519,2.5%,2.3%,1.9%,2.0%,1.8%,2.1%,,,
LB,54.29495575,62.85289683,89.86230159,75.97809524,49.42161355,50.81807692,66.42372121,2.9%,3.4%,4.4%,3.7%,1.8%,2.0%,,,
LEG,31.06061947,34.48277778,45.60456349,47.91799603,49.17808765,47.42923077,41.9808618,1.7%,1.9%,2.2%,2.3%,1.8%,1.9%,,,
LEN,36.38178584,39.83362063,48.52461746,43.72386746,51.8266996,66.78961538,44.67990929,2.0%,2.2%,2.4%,2.1%,1.9%,2.7%,,,
LH,96.62723451,100.4471429,120.3479167,125.950754,147.3193426,170.8280769,119.647645,5.2%,5.4%,5.8%,6.2%,5.5%,6.8%,,,
LKQ,27.44495575,27.62337302,28.31694444,31.95253968,33.58322709,42.20884615,30.08608419,1.5%,1.5%,1.4%,1.6%,1.3%,1.7%,,,
LLL,89.83473451,115.9302976,119.2456349,137.789127,174.6267729,207.5869231,129.8796068,4.9%,6.3%,5.8%,6.7%,6.5%,8.3%,,,
LLY,52.685,61.60555516,78.77396825,76.38905754,82.13555777,84.50384615,70.96554202,2.9%,3.3%,3.8%,3.7%,3.1%,3.4%,,,
LMT,115.0781863,169.0026984,202.6126984,237.9238492,287.574004,334.9915385,206.9121645,6.2%,9.1%,9.8%,11.6%,10.8%,13.4%,,,
LNC,39.81008894,51.86726151,55.08490079,46.06722222,70.21035857,81.89153846,53.46302224,2.2%,2.8%,2.7%,2.3%,2.6%,3.3%,,,
LNT,25.35431416,28.80464286,30.56365079,36.72954365,40.99390438,40.04038462,32.78574265,1.4%,1.6%,1.5%,1.8%,1.5%,1.6%,,,
LOW,43.78108407,51.3143254,71.49190476,74.14198413,79.35388845,100.5553846,65.17691898,2.4%,2.8%,3.5%,3.6%,3.0%,4.0%,,,
LRCX,47.84915929,65.57127063,76.52365079,86.45486349,155.899004,194.8353846,89.43989341,2.6%,3.5%,3.7%,4.2%,5.8%,7.8%,,,
LUK,27.93969027,25.43710317,22.01261905,18.02626984,25.30974104,27.12384615,23.72699365,1.5%,1.4%,1.1%,0.9%,0.9%,1.1%,,,
LUV,14.46019956,28.82095278,40.99686508,41.54768254,56.712251,62.78230769,37.48945687,0.8%,1.6%,2.0%,2.0%,2.1%,2.5%,,,
LYB,68.60913717,93.72380952,91.42666667,81.02194444,91.93784861,116.1673077,86.32078237,3.7%,5.1%,4.4%,4.0%,3.4%,4.6%,,,
M,46.2310177,58.3550004,59.48569444,38.03297619,25.13737371,25.88807692,45.04443678,2.5%,3.2%,2.9%,1.9%,0.9%,1.0%,,,
MA,62.33459513,77.61337698,92.66815476,95.83039683,127.334761,163.7826923,93.22255719,3.4%,4.2%,4.5%,4.7%,4.8%,6.5%,,,
MAA,65.83475664,69.70571429,79.545,96.27210317,102.6337251,93.90115385,83.36211279,3.6%,3.8%,3.9%,4.7%,3.8%,3.7%,,,
MAC,61.40373894,66.0172619,81.45446429,78.1472619,61.26633466,64.12923077,69.72076251,3.3%,3.6%,4.0%,3.8%,2.3%,2.6%,,,
MAS,20.51327434,22.475,26.72123016,31.48408571,37.05474104,44.68673077,28.14140953,1.1%,1.2%,1.3%,1.5%,1.4%,1.8%,,,
MAT,43.63933628,36.16086706,25.21420635,31.31702381,20.77501992,15.94576923,30.85783836,2.4%,2.0%,1.2%,1.5%,0.8%,0.6%,,,
MCD,97.75088274,96.3559127,100.1952381,120.1202381,148.655,173.2130769,114.145222,5.3%,5.2%,4.9%,5.9%,5.6%,6.9%,,,
MCHP,38.92040575,46.19646786,46.65190476,53.87380952,80.89380478,93.68,54.41622446,2.1%,2.5%,2.3%,2.6%,3.0%,3.7%,,,
MCK,125.7203761,187.25125,213.4639683,167.6882143,150.5343817,164.8715385,169.7547735,6.8%,10.1%,10.4%,8.2%,5.6%,6.6%,,,
MCO,63.80670354,87.45134921,102.7378571,98.20563492,125.4816932,157.2561538,97.44271644,3.5%,4.7%,5.0%,4.8%,4.7%,6.3%,,,
MDLZ,31.00391593,35.91402778,40.83509921,42.84015873,43.51113546,43.76307692,39.08063542,1.7%,1.9%,2.0%,2.1%,1.6%,1.7%,,,
MDT,52.13886504,63.05156746,75.26835317,80.48413095,81.40325817,85.125,71.14175719,2.8%,3.4%,3.7%,3.9%,3.0%,3.4%,,,
MET,45.1997792,53.03214286,51.34964286,44.81428571,52.29205179,51.34346154,49.4621089,2.4%,2.9%,2.5%,2.2%,2.0%,2.0%,,,
MGM,16.60745221,24.33630556,20.82404762,23.66103175,30.76169323,35.43153846,23.62087228,0.9%,1.3%,1.0%,1.2%,1.2%,1.4%,,,
MHK,121.5253319,139.9363095,187.2549802,192.9333135,243.1198606,275.7292308,180.0859174,6.6%,7.6%,9.1%,9.4%,9.1%,11.0%,,,
MKC,69.82949071,69.76946429,79.39837302,95.5744246,98.52239044,102.9519231,83.29021835,3.8%,3.8%,3.9%,4.7%,3.7%,4.1%,,,
MLM,100.6536903,122.0434921,147.1318254,178.3315873,216.9081275,227.4653846,155.5818221,5.4%,6.6%,7.1%,8.7%,8.1%,9.1%,,,
MMC,41.59384956,51.17079365,56.24563492,63.57123016,77.32713147,82.62269231,58.81366164,2.3%,2.8%,2.7%,3.1%,2.9%,3.3%,,,
MMM,115.3093987,142.7047222,156.3303968,168.3456663,205.200996,244.0896154,160.1998904,6.2%,7.7%,7.6%,8.2%,7.7%,9.7%,,,
MNST,18.89762655,26.78245317,45.44690556,47.68592698,51.65258964,65.81115385,39.05115616,1.0%,1.4%,2.2%,2.3%,1.9%,2.6%,,,
MO,35.74610664,42.06900794,53.83126984,63.8247619,69.76940279,69.975,53.74169992,1.9%,2.3%,2.6%,3.1%,2.6%,2.8%,,,
MOS,52.21658186,47.05085317,41.82402778,26.66757937,25.01760956,26.51961538,38.03540707,2.8%,2.5%,2.0%,1.3%,0.9%,1.1%,,,
MPC,38.59153628,43.6260119,50.68386905,40.20107143,54.12653386,69.64038462,46.08010898,2.1%,2.4%,2.5%,2.0%,2.0%,2.8%,,,
MRK,46.82265398,57.18180556,56.69188492,57.46615079,62.23939841,59.13230769,56.32969722,2.5%,3.1%,2.8%,2.8%,2.3%,2.4%,,,
MRO,34.86696903,35.55009524,22.77015873,13.41218254,14.30328685,18.18192308,23.84381573,1.9%,1.9%,1.1%,0.7%,0.5%,0.7%,,,
MS,26.17942478,32.68071389,35.90813492,29.80340079,46.13911952,55.04423077,34.72872589,1.4%,1.8%,1.7%,1.5%,1.7%,2.2%,,,
MSFT,33.03446018,42.43748929,46.65888929,55.23047619,71.95386454,90.2175,51.02639428,1.8%,2.3%,2.3%,2.7%,2.7%,3.6%,,,
MSI,60.17597345,64.40924603,64.7025,72.53051587,86.34776892,96.42423077,70.36849881,3.3%,3.5%,3.1%,3.5%,3.2%,3.8%,,,
MTB,109.6971018,120.8099206,122.8137698,118.9017857,160.6958964,182.1026923,128.0518705,5.9%,6.5%,6.0%,5.8%,6.0%,7.3%,,,
MTD,225.5498894,255.8046032,318.9481349,375.3822222,561.354243,654.7207692,356.1008261,12.2%,13.8%,15.5%,18.4%,21.0%,26.1%,,,
MU,14.0382292,29.21576667,22.38769841,14.17115079,32.13426295,43.29538462,22.98588006,0.8%,1.6%,1.1%,0.7%,1.2%,1.7%,,,
MYL,34.49192478,50.05337302,57.88412698,43.56960317,37.71709163,44.59576923,44.95746227,1.9%,2.7%,2.8%,2.1%,1.4%,1.8%,,,
NAVI,,18.11905028,16.71238095,13.15910714,14.41053785,13.87307692,15.36319792,0.0%,1.0%,0.8%,0.6%,0.5%,0.6%,,,
NBL,63.04457965,66.07880952,40.73007937,34.53956349,30.48936255,31.21192308,46.33218824,3.4%,3.6%,2.0%,1.7%,1.1%,1.2%,,,
NCLH,31.28652212,35.13218254,54.89599206,43.63484127,52.90436255,57.83365385,44.11159968,1.7%,1.9%,2.7%,2.1%,2.0%,2.3%,,,
NDAQ,32.85035398,40.41071429,51.92289683,65.33865079,72.20247012,79.91115385,53.50127085,1.8%,2.2%,2.5%,3.2%,2.7%,3.2%,,,
NEE,80.80610619,96.36353175,102.4807937,119.4317063,140.8236853,152.7807692,109.4414496,4.4%,5.2%,5.0%,5.8%,5.3%,6.1%,,,
NEM,31.44756593,23.39640873,21.13115079,33.0497619,35.43332669,39.28769231,29.04835576,1.7%,1.3%,1.0%,1.6%,1.3%,1.6%,,,
NFLX,37.21909735,57.51605595,91.79845317,102.0005139,165.4023108,237.0132692,94.85403241,2.0%,3.1%,4.5%,5.0%,6.2%,9.5%,,,
NFX,25.24300885,33.4371631,34.56988095,38.3781746,32.28587649,33.14346154,32.94637021,1.4%,1.8%,1.7%,1.9%,1.2%,1.3%,,,
NI,29.97601814,37.89246032,31.06769841,23.18519841,25.16039841,24.37269231,29.34405091,1.6%,2.1%,1.5%,1.1%,0.9%,1.0%,,,
NKE,33.02529823,40.43202381,55.15296627,56.26547619,55.62149402,65.41153846,48.76229539,1.8%,2.2%,2.7%,2.8%,2.1%,2.6%,,,
NLSN,36.18048673,45.29168651,45.5735119,50.07126984,40.08243028,36.81269231,43.45559968,2.0%,2.5%,2.2%,2.4%,1.5%,1.5%,,,
NOC,88.41199115,125.7301587,167.7168056,212.2345238,264.2864741,319.0715385,176.3658539,4.8%,6.8%,8.1%,10.4%,9.9%,12.7%,,,
NRG,26.9069469,31.01765873,20.67996032,12.70815476,21.03410359,27.50423077,22.48283956,1.5%,1.7%,1.0%,0.6%,0.8%,1.1%,,,
NSC,78.13393761,101.7340869,92.60194444,88.12454365,122.5503586,149.695,98.08621509,4.2%,5.5%,4.5%,4.3%,4.6%,6.0%,,,
NTAP,38.67934248,39.44251984,33.69103175,28.55202381,42.66896414,60.77884615,37.05834504,2.1%,2.1%,1.6%,1.4%,1.6%,2.4%,,,
NTRS,56.35424735,64.36007897,72.06984127,69.89607143,90.6312749,104.67,71.64422542,3.0%,3.5%,3.5%,3.4%,3.4%,4.2%,,,
NUE,47.37061947,51.63055556,44.62587302,49.05376984,58.72741036,67.63557692,50.69343527,2.6%,2.8%,2.2%,2.4%,2.2%,2.7%,,,
NVDA,14.38152655,18.54305556,23.68051587,53.63083333,149.8542072,226.2919231,56.31654567,0.8%,1.0%,1.2%,2.6%,5.6%,9.0%,,,
NWL,27.15163717,32.33285714,41.10825397,46.60861111,45.33227092,29.70692308,38.55407466,1.5%,1.7%,2.0%,2.3%,1.7%,1.2%,,,
NWS,16.68852941,16.49865079,14.74043651,12.80055556,13.87091633,17.16346154,14.79510693,0.9%,0.9%,0.7%,0.6%,0.5%,0.7%,,,
NWSA,16.52581397,16.8852381,14.88253968,12.36412698,13.51486056,16.84192308,14.71246424,0.9%,0.9%,0.7%,0.6%,0.5%,0.7%,,,
O,43.41677117,43.4444472,48.56782656,61.59498008,57.54045817,53.56192308,51.16848203,2.3%,2.4%,2.4%,3.0%,2.2%,2.1%,,,
OKE,50.44026549,61.70222222,39.12281746,41.03902778,53.57195219,57.86096154,49.32501191,2.7%,3.3%,1.9%,2.0%,2.0%,2.3%,,,
OMC,63.59869469,71.89083333,73.81958333,81.51757937,79.37350199,74.51769231,74.26129388,3.4%,3.9%,3.6%,4.0%,3.0%,3.0%,,,
ORCL,33.51407545,40.09714286,40.79892857,39.19246032,46.52378486,49.87730769,40.36892832,1.8%,2.2%,2.0%,1.9%,1.7%,2.0%,,,
ORLY,116.4599562,155.0757143,231.9465079,269.0303968,234.2233068,262.3538462,204.3339635,6.3%,8.4%,11.3%,13.2%,8.8%,10.5%,,,
OXY,89.82141593,94.29115079,74.35771825,71.98214286,64.11005976,75.13346154,78.62092931,4.9%,5.1%,3.6%,3.5%,2.4%,3.0%,,,
PAYX,38.73108407,42.9630754,49.06892857,55.36638651,60.53099602,68.03269231,49.92831565,2.1%,2.3%,2.4%,2.7%,2.3%,2.7%,,,
PBCT,14.19480575,14.66248016,15.63371032,15.91623016,18.02573705,19.44115385,15.79307871,0.8%,0.8%,0.8%,0.8%,0.7%,0.8%,,,
PCAR,53.80615044,63.31218254,60.08115079,55.68876984,67.72776892,75.11692308,60.55725973,2.9%,3.4%,2.9%,2.7%,2.5%,3.0%,,,
PCG,43.45712389,45.8106746,52.8406746,59.74996032,63.9610757,43.42538462,53.15467037,2.4%,2.5%,2.6%,2.9%,2.4%,1.7%,,,
PCLN,901.2439823,1199.023571,1220.290913,1345.828373,1797.208924,1887.139615,1312.678483,48.8%,64.9%,59.3%,65.8%,67.2%,75.3%,,,
PDCO,39.53464602,41.56896825,47.77587302,44.94734127,41.21780876,36.75730769,42.95299444,2.1%,2.2%,2.3%,2.2%,1.5%,1.5%,,,
PEG,33.33690265,37.64571429,41.03355159,43.37865079,45.97912351,50.03903846,40.61517871,1.8%,2.0%,2.0%,2.1%,1.7%,2.0%,,,
PEP,81.2969469,88.74021825,96.79166667,103.6151786,112.8651514,118.7167308,97.42172994,4.4%,4.8%,4.7%,5.1%,4.2%,4.7%,,,
PFE,29.21287655,30.33291667,33.7031746,32.83365476,34.05213546,36.76769231,32.18135989,1.6%,1.6%,1.6%,1.6%,1.3%,1.5%,,,
PFG,40.43964602,49.32323413,50.70650794,45.85797619,64.41521912,71.32807692,50.77507149,2.2%,2.7%,2.5%,2.2%,2.4%,2.8%,,,
PG,79.35298673,82.35676587,79.44305556,83.65783889,89.43845817,88.69961538,83.03760794,4.3%,4.5%,3.9%,4.1%,3.3%,3.5%,,,
PGR,25.83269912,25.03968254,28.99888889,32.65257937,44.52928287,55.38653846,32.01053217,1.4%,1.4%,1.4%,1.6%,1.7%,2.2%,,,
PH,102.6891593,121.4069048,112.8415476,116.1555952,165.0623307,203.5984615,125.6821088,5.6%,6.6%,5.5%,5.7%,6.2%,8.1%,,,
PHM,18.76095177,19.44186508,20.25488095,18.8502381,25.28581673,33.51038462,20.81955925,1.0%,1.1%,1.0%,0.9%,0.9%,1.3%,,,
PKG,52.33190265,69.02083333,70.5202381,69.84456349,105.0884462,125.7769231,74.85273233,2.8%,3.7%,3.4%,3.4%,3.9%,5.0%,,,
PKI,35.40920354,44.36313492,49.73974206,51.81212302,63.85462151,78.64769231,49.91692613,1.9%,2.4%,2.4%,2.5%,2.4%,3.1%,,,
PLD,38.99,40.49013889,41.42071429,47.72087302,58.39780876,63.00846154,45.88959889,2.1%,2.2%,2.0%,2.3%,2.2%,2.5%,,,
PM,89.54579646,84.36662738,83.12400794,96.06956349,110.4244821,105.6630769,93.02486505,4.8%,4.6%,4.0%,4.7%,4.1%,4.2%,,,
PNC,71.65466814,84.72680556,92.91571429,90.16138889,127.4573705,152.5207692,95.02611597,3.9%,4.6%,4.5%,4.4%,4.8%,6.1%,,,
PNR,60.69475664,71.92549603,60.14321429,56.78093254,64.53940239,72.35576923,63.05620731,3.3%,3.9%,2.9%,2.8%,2.4%,2.9%,,,
PNW,56.30778805,56.68805556,62.89809524,73.90375,85.47334661,80.11807692,67.53129079,3.0%,3.1%,3.1%,3.6%,3.2%,3.2%,,,
PPG,79.32579646,99.9678373,107.8151587,102.014127,107.7849602,117.5973077,100.1652581,4.3%,5.4%,5.2%,5.0%,4.0%,4.7%,,,
PPL,30.67900442,33.44242063,33.05603175,35.77781746,37.26322709,31.28615385,34.05368149,1.7%,1.8%,1.6%,1.8%,1.4%,1.2%,,,
PRGO,126.9330088,151.2255159,172.0548611,104.5865079,77.85378486,91.06923077,125.8287649,6.9%,8.2%,8.4%,5.1%,2.9%,3.6%,,,
PRU,73.33725619,86.39460317,83.16083333,79.11095238,108.3368127,120.2026923,87.01823662,4.0%,4.7%,4.0%,3.9%,4.1%,4.8%,,,
PSA,157.5836504,171.60625,206.9030952,238.815119,213.5301394,196.0526923,198.4695036,8.5%,9.3%,10.0%,11.7%,8.0%,7.8%,,,
PSX,62.84535929,78.91944405,79.6935119,80.92690476,84.68695219,102.6807692,78.23131144,3.4%,4.3%,3.9%,4.0%,3.2%,4.1%,,,
PVH,122.6830973,121.2100794,104.9100397,95.48674603,112.2398805,146.7715385,111.8026847,6.6%,6.6%,5.1%,4.7%,4.2%,5.9%,,,
PWR,28.18968982,33.78992063,26.02563492,24.94746032,35.60992032,38.55192308,29.92183471,1.5%,1.8%,1.3%,1.2%,1.3%,1.5%,,,
PX,118.0044248,129.6252381,116.49,113.784246,131.8082271,160.5538462,122.8132923,6.4%,7.0%,5.7%,5.6%,4.9%,6.4%,,,
PXD,159.372323,191.388254,143.319881,158.7686111,163.5479482,181.5257692,163.7366878,8.6%,10.4%,7.0%,7.8%,6.1%,7.2%,,,
PYPL,,,35.7509127,38.25452381,55.84364542,80.08442308,46.17359542,0.0%,0.0%,1.7%,1.9%,2.1%,3.2%,,,
QCOM,66.48550398,76.08471071,62.78197222,57.37377063,56.85365737,66.55307692,63.92292788,3.6%,4.1%,3.0%,2.8%,2.1%,2.7%,,,
QRVO,,,64.99597222,51.1822619,69.56075697,70.61884615,62.19302817,0.0%,0.0%,3.2%,2.5%,2.6%,2.8%,,,
RCL,37.55008805,59.16230278,84.57194444,75.9072619,110.1968526,127.6469231,75.30914234,2.0%,3.2%,4.1%,3.7%,4.1%,5.1%,,,
RE,137.1147345,159.3220635,180.067381,190.5509524,238.3297012,226.0407692,182.8679309,7.4%,8.6%,8.7%,9.3%,8.9%,9.0%,,,
REG,51.16619469,54.67452381,64.78154762,74.74944444,65.52613546,64.17961538,62.44565528,2.8%,3.0%,3.1%,3.7%,2.5%,2.6%,,,
REGN,247.3676106,333.6487115,498.5743825,395.1777381,422.3260159,371.7861538,381.8615145,13.4%,18.1%,24.2%,19.3%,15.8%,14.8%,,,
RF,9.171859292,10.2896623,9.758869048,9.694900794,14.80167331,18.48192308,10.93243455,0.5%,0.6%,0.5%,0.5%,0.6%,0.7%,,,
RHI,36.70026549,47.5190873,55.34488095,40.84234127,48.58494024,56.66307692,46.2083479,2.0%,2.6%,2.7%,2.0%,1.8%,2.3%,,,
RHT,49.09256637,56.87257937,74.8597619,74.28805556,98.40652988,126.9080769,72.28888721,2.7%,3.1%,3.6%,3.6%,3.7%,5.1%,,,
RJF,44.58579646,52.5309127,56.45484127,54.70984127,79.79555777,94.27,58.62381652,2.4%,2.8%,2.7%,2.7%,3.0%,3.8%,,,
RL,173.2059292,163.2671429,130.1117262,98.2127381,83.05741036,109.1423077,128.2849365,9.4%,8.8%,6.3%,4.8%,3.1%,4.4%,,,
RMD,48.14050885,49.39001984,59.41404762,60.82480159,74.83573705,92.58576923,59.42591739,2.6%,2.7%,2.9%,3.0%,2.8%,3.7%,,,
ROK,96.90303097,117.266746,112.6973611,115.1100794,166.1337052,200.3488462,123.7231215,5.2%,6.3%,5.5%,5.6%,6.2%,8.0%,,,
ROP,126.3692478,144.1408333,170.8325,175.0904762,228.2958765,273.4119231,171.9352701,6.8%,7.8%,8.3%,8.6%,8.5%,10.9%,,,
ROST,33.72495796,36.73484127,50.48021825,59.47007937,64.1961753,81.97730769,49.90559611,1.8%,2.0%,2.5%,2.9%,2.4%,3.3%,,,
RRC,77.28789779,78.8756746,43.82857143,36.3227381,23.41438247,16.03846154,50.70363376,4.2%,4.3%,2.1%,1.8%,0.9%,0.6%,,,
RSG,33.53128319,36.60130952,41.43440476,49.53146825,63.12922311,67.88038462,45.54036934,1.8%,2.0%,2.0%,2.4%,2.4%,2.7%,,,
RTN,70.83526549,97.77214286,109.2332329,133.702881,167.9732908,197.9926923,118.487972,3.8%,5.3%,5.3%,6.5%,6.3%,7.9%,,,
SBAC,78.00860619,102.4080556,114.9684524,103.933254,135.346255,165.4515385,108.7161676,4.2%,5.5%,5.6%,5.1%,5.1%,6.6%,,,
SBUX,34.38164469,37.79910714,53.247125,56.5598869,57.2559761,58.73942308,48.34429603,1.9%,2.0%,2.6%,2.8%,2.1%,2.3%,,,
SCG,49.13889381,51.67472222,55.90795635,69.76404762,60.62460159,42.59730769,57.28440826,2.7%,2.8%,2.7%,3.4%,2.3%,1.7%,,,
SCHW,20.69787434,27.30210317,31.09607143,29.96678571,42.44414343,53.67846154,30.97284321,1.1%,1.5%,1.5%,1.5%,1.6%,2.1%,,,
SEE,26.47939159,34.50992063,47.6297619,46.17007937,45.31964143,48.35807692,40.4693745,1.4%,1.9%,2.3%,2.3%,1.7%,1.9%,,,
SHW,177.7350221,210.8237897,271.5472619,277.7425397,343.8724701,419.6792308,261.2711597,9.6%,11.4%,13.2%,13.6%,12.9%,16.7%,,,
SIG,70.17192478,105.8937302,130.5308333,96.88071429,64.71545817,54.58,93.33951152,3.8%,5.7%,6.3%,4.7%,2.4%,2.2%,,,
SJM,103.7349265,100.3938889,113.9871825,133.8636508,121.8691235,125.15,115.2063649,5.6%,5.4%,5.5%,6.5%,4.6%,5.0%,,,
SLB,81.39637212,98.78333333,81.79793651,77.04992063,71.11856574,74.90038462,81.90374114,4.4%,5.3%,4.0%,3.8%,2.7%,3.0%,,,
SLG,89.28269912,106.3389286,118.7810714,103.6852579,103.77,97.32961538,104.5382486,4.8%,5.8%,5.8%,5.1%,3.9%,3.9%,,,
SNA,93.35146018,119.6386508,155.4968254,157.262381,161.9741235,177.2980769,139.258892,5.1%,6.5%,7.6%,7.7%,6.1%,7.1%,,,
SNI,71.56146018,77.85400794,63.67138889,63.70686508,78.18466135,87.52076923,71.31954726,3.9%,4.2%,3.1%,3.1%,2.9%,3.5%,,,
SNPS,36.37619469,39.83837302,47.72845238,52.66246032,76.15131474,90.145,51.64142176,2.0%,2.2%,2.3%,2.6%,2.8%,3.6%,,,
SO,43.69896018,44.31777778,45.04738095,50.17742063,49.73756574,45.16038462,46.62350596,2.4%,2.4%,2.2%,2.5%,1.9%,1.8%,,,
SPG,159.509646,168.4769444,188.6333135,199.8869048,165.881992,164.7038462,176.5934432,8.6%,9.1%,9.2%,9.8%,6.2%,6.6%,,,
SPGI,59.66522124,81.81690476,98.96670635,108.7726587,144.5532669,177.7123077,101.1564019,3.2%,4.4%,4.8%,5.3%,5.4%,7.1%,,,
SRCL,111.2329199,118.5684524,134.570754,97.20924603,76.03916335,71.32461538,106.7249562,6.0%,6.4%,6.5%,4.8%,2.8%,2.8%,,,
SRE,83.96415929,101.0896627,103.2599206,103.253254,112.704004,106.2784615,101.3056076,4.5%,5.5%,5.0%,5.1%,4.2%,4.2%,,,
STI,32.30725664,38.76904762,41.76880952,42.41468254,57.6247012,68.43230769,43.31097697,1.7%,2.1%,2.0%,2.1%,2.2%,2.7%,,,
STT,65.49867257,70.32805556,74.08948413,64.26277778,87.81013546,105.5923077,73.2135695,3.5%,3.8%,3.6%,3.1%,3.3%,4.2%,,,
STX,42.35531018,57.22595198,50.19799603,31.53380952,40.012749,50.09038462,44.42828038,2.3%,3.1%,2.4%,1.5%,1.5%,2.0%,,,
STZ,55.02482301,85.19565437,122.9802381,156.3427183,187.0707566,219.97,124.6769498,3.0%,4.6%,6.0%,7.6%,7.0%,8.8%,,,
SWK,81.48286504,86.84480159,101.5705952,112.1499603,142.5215139,169.9938462,106.711944,4.4%,4.7%,4.9%,5.5%,5.3%,6.8%,,,
SWKS,23.91331814,47.73361151,89.58736111,70.58436508,100.5170916,99.64403846,68.00404289,1.3%,2.6%,4.4%,3.5%,3.8%,4.0%,,,
SYF,,26.3671028,31.94892857,29.0693254,32.42354582,39.09653846,30.80259009,0.0%,1.4%,1.6%,1.4%,1.2%,1.6%,,,
SYK,68.68300885,83.08526786,95.68043651,110.4910317,139.8573705,161.2376923,101.4387907,3.7%,4.5%,4.6%,5.4%,5.2%,6.4%,,,
SYMC,23.93090619,22.83956349,22.78039683,21.12202381,29.7214741,27.73903846,24.153034,1.3%,1.2%,1.1%,1.0%,1.1%,1.1%,,,
SYY,33.82358407,37.19297619,38.97424603,48.71087302,53.75948207,61.85038462,43.06207307,1.8%,2.0%,1.9%,2.4%,2.0%,2.5%,,,
T,35.55623894,34.60742063,33.81109127,39.23454365,38.61211155,37.49076923,36.40244639,1.9%,1.9%,1.6%,1.9%,1.4%,1.5%,,,
TAP,50.6774115,66.98889444,78.09446429,97.85285714,89.85175299,83.05846154,77.3513355,2.7%,3.6%,3.8%,4.8%,3.4%,3.3%,,,
TDG,146.8611726,180.4913095,222.1911111,251.6755556,258.5815339,293.7515385,214.9565846,7.9%,9.8%,10.8%,12.3%,9.7%,11.7%,,,
TEL,47.62757832,59.92904762,65.71803571,61.41744048,80.63613546,100.5101923,64.14378689,2.6%,3.2%,3.2%,3.0%,3.0%,4.0%,,,
TGT,66.88052965,61.5580754,78.21636905,73.48132937,58.29709163,73.37269231,67.82820866,3.6%,3.3%,3.8%,3.6%,2.2%,2.9%,,,
TIF,77.03966814,95.43468254,86.18543651,69.3034127,90.94079681,106.9592308,84.39299047,4.2%,5.2%,4.2%,3.4%,3.4%,4.3%,,,
TJX,52.94464602,59.41837302,69.00688492,75.69994048,74.04386454,77.72384615,66.72825258,2.9%,3.2%,3.4%,3.7%,2.8%,3.1%,,,
TMK,44.9909208,52.97845714,57.05486111,60.7772619,78.9247012,91.04923077,59.88053558,2.4%,2.9%,2.8%,3.0%,3.0%,3.6%,,,
TMO,88.57595133,119.9957143,130.6786905,145.8903175,173.3765936,210.2684615,134.1834631,4.8%,6.5%,6.3%,7.1%,6.5%,8.4%,,,
TPR,54.13913717,40.87924603,34.96595238,37.9340873,41.6986255,46.555,41.76696585,2.9%,2.2%,1.7%,1.9%,1.6%,1.9%,,,
TRIP,66.65838496,90.08563492,79.04886905,62.63798095,41.37099602,35.66461538,67.34143066,3.6%,4.9%,3.8%,3.1%,1.5%,1.4%,,,
TROW,75.33050885,81.16007937,77.61577381,71.10047619,80.63358566,112.2142308,77.92702939,4.1%,4.4%,3.8%,3.5%,3.0%,4.5%,,,
TRV,84.20230088,92.43916667,105.5960714,113.340873,125.0624701,139.9063462,105.2619102,4.6%,5.0%,5.1%,5.5%,4.7%,5.6%,,,
TSCO,61.02623894,67.56253968,87.52626984,83.15126984,63.30601594,76.98461538,72.85134234,3.3%,3.7%,4.3%,4.1%,2.4%,3.1%,,,
TSN,27.40570796,39.22543651,42.91646825,66.01662698,66.18013944,79.135,49.40299047,1.5%,2.1%,2.1%,3.2%,2.5%,3.2%,,,
TSS,26.79367257,31.32900794,43.72595238,48.78694444,61.93484064,83.77615385,43.67542097,1.4%,1.7%,2.1%,2.4%,2.3%,3.3%,,,
TWX,61.67504425,72.69904722,79.18154762,77.39646825,97.95162948,93.57961538,78.42359722,3.3%,3.9%,3.8%,3.8%,3.7%,3.7%,,,
TXN,38.11712301,47.34481944,53.95073413,63.05119048,84.2800996,110.6928846,58.82618689,2.1%,2.6%,2.6%,3.1%,3.2%,4.4%,,,
TXT,28.66174779,38.57904762,42.90051587,38.99873016,49.83458167,58.76884615,40.40870135,1.6%,2.1%,2.1%,1.9%,1.9%,2.3%,,,
UA,,,,33.68712366,17.4150996,13.30384615,23.72115551,0.0%,0.0%,0.0%,1.6%,0.7%,0.5%,,,
UAA,16.75118363,29.92705357,42.6780754,38.22936905,19.12420598,14.50615385,29.3037305,0.9%,1.6%,2.1%,1.9%,0.7%,0.6%,,,
UAL,32.3819031,47.49095238,59.96894841,52.9475,69.21553785,70.35846154,53.17187855,1.8%,2.6%,2.9%,2.6%,2.6%,2.8%,,,
UDR,24.3570354,27.7293254,33.72087302,35.56492063,37.87936255,36.39423077,32.09409849,1.3%,1.5%,1.6%,1.7%,1.4%,1.5%,,,
UHS,70.02028761,94.70301587,124.4149008,122.4097619,114.1168725,116.4688462,106.0850556,3.8%,5.1%,6.0%,6.0%,4.3%,4.6%,,,
ULTA,101.0022566,100.7605754,157.5886905,224.0559524,254.5356175,231.005,170.2042851,5.5%,5.5%,7.7%,11.0%,9.5%,9.2%,,,
UNH,66.44716814,83.36041667,116.5283929,135.3034921,186.0620717,232.8430769,120.9221763,3.6%,4.5%,5.7%,6.6%,7.0%,9.3%,,,
UNM,29.72438053,34.30980159,34.28075397,34.24892857,48.81649402,55.23192308,36.7928753,1.6%,1.9%,1.7%,1.7%,1.8%,2.2%,,,
UNP,76.46094027,101.118502,99.5631746,88.35129365,110.8460359,136.5896154,96.49735187,4.1%,5.5%,4.8%,4.3%,4.1%,5.4%,,,
UPS,89.59995575,100.7600397,100.7096429,105.7650198,111.8352191,127.5748077,102.5101827,4.8%,5.5%,4.9%,5.2%,4.2%,5.1%,,,
URI,57.81176991,100.8299413,81.74337302,72.11373016,126.1742765,178.0246154,90.18663908,3.1%,5.5%,4.0%,3.5%,4.7%,7.1%,,,
USB,36.15066372,42.04146825,43.39220278,42.86725794,52.74952191,56.30769231,43.84909778,2.0%,2.3%,2.1%,2.1%,2.0%,2.2%,,,
UTX,100.4262832,112.1461508,107.1602381,101.1648413,117.2005378,134.1438462,108.3083122,5.4%,6.1%,5.2%,4.9%,4.4%,5.4%,,,
V,45.72225664,55.46308016,70.77888492,77.89618254,97.6835259,121.0376923,71.04176982,2.5%,3.0%,3.4%,3.8%,3.7%,4.8%,,,
VAR,72.0340708,83.20174603,85.57531746,86.33781746,98.15802789,115.9307692,85.95751787,3.9%,4.5%,4.2%,4.2%,3.7%,4.6%,,,
VFC,46.24339912,63.86436508,71.08549603,60.20531746,59.65247012,78.50192308,60.87683336,2.5%,3.5%,3.5%,2.9%,2.2%,3.1%,,,
VIAB,73.15168142,81.37940476,58.2597619,39.82456349,34.56398406,31.84461538,56.60100079,4.0%,4.4%,2.8%,1.9%,1.3%,1.3%,,,
VLO,39.93650398,51.31000079,61.63638889,58.71460317,70.73342629,95.13230769,57.59471811,2.2%,2.8%,3.0%,2.9%,2.6%,3.8%,,,
VMC,52.16079646,63.39436508,88.66119048,111.8569841,122.5618725,133.9361538,89.38814138,2.8%,3.4%,4.3%,5.5%,4.6%,5.3%,,,
VNO,85.47539823,103.296746,101.4825198,96.38704365,89.32621514,72.45538462,94.92936458,4.6%,5.6%,4.9%,4.7%,3.3%,2.9%,,,
VRSK,61.99845133,61.98448413,72.89934524,79.04738095,84.05416335,97.59961538,72.72239873,3.4%,3.4%,3.5%,3.9%,3.1%,3.9%,,,
VRSN,49.26079646,54.53565476,69.18281746,81.86698413,96.39904382,113.1023077,71.54669976,2.7%,3.0%,3.4%,4.0%,3.6%,4.5%,,,
VRTX,70.49871681,89.45416667,123.7923307,88.36949008,126.8009562,160.3523077,101.5996395,3.8%,4.8%,6.0%,4.3%,4.7%,6.4%,,,
VTR,67.55995575,64.75690476,64.66402778,64.57563492,64.88266932,56.10269231,65.05155282,3.7%,3.5%,3.1%,3.2%,2.4%,2.2%,,,
VZ,49.26976106,48.61270992,47.17152778,51.36313889,48.23149004,52.73538462,49.0018498,2.7%,2.6%,2.3%,2.5%,1.8%,2.1%,,,
WAT,98.68632743,106.5595992,126.015873,139.4999603,174.3126295,208.8907692,131.2547649,5.3%,5.8%,6.1%,6.8%,6.5%,8.3%,,,
WBA,50.83511062,66.26357143,85.34265873,81.18543651,79.22302789,75.14807692,73.06677125,2.8%,3.6%,4.1%,4.0%,3.0%,3.0%,,,
WDC,62.98511018,93.58525794,86.31059524,50.45480159,84.27659363,84.45461538,75.9588919,3.4%,5.1%,4.2%,2.5%,3.2%,3.4%,,,
WEC,41.71424779,45.72563492,49.96527778,58.96674603,62.87914343,63.70961538,52.29568308,2.3%,2.5%,2.4%,2.9%,2.4%,2.5%,,,
WFC,40.77581814,50.3437496,54.79238095,48.92857143,54.9623506,63.05865385,50.41677109,2.2%,2.7%,2.7%,2.4%,2.1%,2.5%,,,
WHR,130.3432301,152.7696032,178.7186111,167.124246,177.1706773,173.5563462,162.1050159,7.1%,8.3%,8.7%,8.2%,6.6%,6.9%,,,
WLTW,,,,121.9432271,143.5176494,155.9823077,133.8754167,0.0%,0.0%,0.0%,6.0%,5.4%,6.2%,,,
WM,41.15123894,44.99896825,51.58293651,61.96253968,75.37840637,87.47769231,55.95534551,2.2%,2.4%,2.5%,3.0%,2.8%,3.5%,,,
WMB,35.59502212,48.94825,45.71363095,23.50819841,29.55149402,32.02461538,36.59523431,1.9%,2.6%,2.2%,1.2%,1.1%,1.3%,,,
WMT,75.9533615,77.27472222,72.56916667,69.48638889,78.8948008,102.9992308,75.39099658,4.1%,4.2%,3.5%,3.4%,3.0%,4.1%,,,
WRK,,,55.36424242,42.34,56.2449004,67.46,51.20906203,0.0%,0.0%,2.7%,2.1%,2.1%,2.7%,,,
WU,16.68378363,16.76128968,19.45,19.66378968,19.61868526,20.43384615,18.51201358,0.9%,0.9%,0.9%,1.0%,0.7%,0.8%,,,
WY,29.63159292,31.87650476,31.68031746,30.01303571,33.59872908,35.80884615,31.48582621,1.6%,1.7%,1.5%,1.5%,1.3%,1.4%,,,
WYN,62.75918142,76.04448373,82.72384921,70.71623016,97.02551793,120.1757692,79.02435258,3.4%,4.1%,4.0%,3.5%,3.6%,4.8%,,,
WYNN,143.5483181,199.0076425,102.0119841,90.24202381,129.039502,172.7719231,133.3763628,7.8%,10.8%,5.0%,4.4%,4.8%,6.9%,,,
XEC,82.26318584,121.1293056,111.0376984,114.9839167,114.1117131,121.9138462,109.5197077,4.5%,6.6%,5.4%,5.6%,4.3%,4.9%,,,
XEL,28.86243407,31.25960317,34.75579365,40.76150794,46.48762948,45.63961538,36.7638722,1.6%,1.7%,1.7%,2.0%,1.7%,1.8%,,,
XL,30.85774336,32.3825,37.26599167,34.76986111,40.74025896,35.86653846,35.30231128,1.7%,1.8%,1.8%,1.7%,1.5%,1.4%,,,
XLNX,42.03132743,46.15638492,43.82134921,49.39519841,64.58944223,72.67346154,49.81931612,2.3%,2.5%,2.1%,2.4%,2.4%,2.9%,,,
XOM,90.55331858,97.25462302,82.85095238,86.11972222,81.9009761,86.29423077,87.6525973,4.9%,5.3%,4.0%,4.2%,3.1%,3.4%,,,
XRAY,43.4517385,47.66934524,54.02365079,60.26402778,61.56342629,63.15769231,53.79490302,2.4%,2.6%,2.6%,2.9%,2.3%,2.5%,,,
XRX,38.68707788,49.85873016,45.77793651,39.03944444,29.76091633,31.65884615,40.48830786,2.1%,2.7%,2.2%,1.9%,1.1%,1.3%,,,
XYL,28.68460177,36.91174643,35.34579365,45.03849206,56.75454183,71.36038462,41.41547268,1.6%,2.0%,1.7%,2.2%,2.1%,2.8%,,,
YUM,70.23654912,74.32984127,80.21357143,78.71467143,72.25651394,83.29,75.42209873,3.8%,4.0%,3.9%,3.9%,2.7%,3.3%,,,
ZBH,81.10780973,101.4400397,108.7538095,113.5394048,118.475996,124.1836538,105.5420135,4.4%,5.5%,5.3%,5.6%,4.4%,5.0%,,,
ZION,27.51960177,29.25333333,28.52464286,28.67404762,44.27426175,52.81230769,32.16147712,1.5%,1.6%,1.4%,1.4%,1.7%,2.1%,,,
ZTS,31.95243363,34.02856746,46.12746032,47.82509802,61.06579681,75.77115385,45.09138896,1.7%,1.8%,2.2%,2.3%,2.3%,3.0%,,,
Grand Total,64.33398302,76.96599471,84.13384931,85.21426449,98.77712311,111.2501283,83.02333431,3.5%,4.2%,4.1%,4.2%,3.7%,4.4%,,,
